,Country,Year,Temperature,Precipitation,Humidity,Crop,Yield
0,Burundi,2000,20.4,1524.78,64.45,Beans,21049.69
1,Burundi,2000,20.4,1524.78,64.45,Maize,19964.15
2,Burundi,2000,20.4,1524.78,64.45,Potatoes,20094.79
3,Burundi,2000,20.4,1524.78,64.45,Rice,17056.59
4,Burundi,2000,20.4,1524.78,64.45,Wheat,21585.07
5,Djibouti,2000,28.14,282.16,54.41,Beans,6345.65
6,Djibouti,2000,28.14,282.16,54.41,Maize,6283.71
7,Eritrea,2000,26.7,283.76,52.55,Beans,7245.16
8,Eritrea,2000,26.7,283.76,52.55,Maize,6678.96
9,Eritrea,2000,26.7,283.76,52.55,Potatoes,6833.05
10,Eritrea,2000,26.7,283.76,52.55,Wheat,7415.5
11,Ethiopia,2000,22.86,931.02,53.56,Beans,14990.1
12,Ethiopia,2000,22.86,931.02,53.56,Maize,14838.87
13,Ethiopia,2000,22.86,931.02,53.56,Potatoes,12466.68
14,Ethiopia,2000,22.86,931.02,53.56,Rice,13250.21
15,Ethiopia,2000,22.86,931.02,53.56,Wheat,11294.48
16,Kenya,2000,25.16,477.52,57.19,Beans,8860.14
17,Kenya,2000,25.16,477.52,57.19,Maize,8142.05
18,Kenya,2000,25.16,477.52,57.19,Potatoes,9722.1
19,Kenya,2000,25.16,477.52,57.19,Rice,9146.84
20,Kenya,2000,25.16,477.52,57.19,Wheat,9555.08
21,Rwanda,2000,19.23,1178.97,67.7,Beans,15186.14
22,Rwanda,2000,19.23,1178.97,67.7,Maize,17215.67
23,Rwanda,2000,19.23,1178.97,67.7,Potatoes,14407.19
24,Rwanda,2000,19.23,1178.97,67.7,Rice,17324.64
25,Rwanda,2000,19.23,1178.97,67.7,Wheat,17215.35
26,Somalia,2000,26.23,255.09,56.78,Beans,6415.78
27,Somalia,2000,26.23,255.09,56.78,Maize,6434.05
28,Somalia,2000,26.23,255.09,56.78,Rice,6104.29
29,Somalia,2000,26.23,255.09,56.78,Wheat,6185.36
30,Tanzania,2000,22.54,965.32,64.34,Beans,14215.11
31,Tanzania,2000,22.54,965.32,64.34,Maize,12934.86
32,Tanzania,2000,22.54,965.32,64.34,Maize,12464.42
33,Tanzania,2000,22.54,965.32,64.34,Potatoes,13625.7
34,Tanzania,2000,22.54,965.32,64.34,Rice,15247.03
35,Tanzania,2000,22.54,965.32,64.34,Wheat,13110.4
36,Uganda,2000,22.85,1347.46,69.84,Beans,18714.89
37,Uganda,2000,22.85,1347.46,69.84,Maize,18958.02
38,Uganda,2000,22.85,1347.46,69.84,Potatoes,16019.85
39,Uganda,2000,22.85,1347.46,69.84,Rice,17405.19
40,Uganda,2000,22.85,1347.46,69.84,Wheat,20225.21
41,Burundi,2001,19.83,1940.03,70.76,Beans,26455.44
42,Burundi,2001,19.83,1940.03,70.76,Maize,20028.06
43,Burundi,2001,19.83,1940.03,70.76,Potatoes,20325.27
44,Burundi,2001,19.83,1940.03,70.76,Rice,24223.09
45,Burundi,2001,19.83,1940.03,70.76,Wheat,20361.35
46,Djibouti,2001,28.1,230.8,54.63,Beans,5722.0
47,Djibouti,2001,28.1,230.8,54.63,Maize,7487.19
48,Eritrea,2001,26.83,329.51,52.16,Beans,6782.15
49,Eritrea,2001,26.83,329.51,52.16,Maize,7964.48
50,Eritrea,2001,26.83,329.51,52.16,Potatoes,8323.3
51,Eritrea,2001,26.83,329.51,52.16,Wheat,7069.87
52,Ethiopia,2001,22.97,988.67,55.41,Beans,13217.39
53,Ethiopia,2001,22.97,988.67,55.41,Maize,13576.35
54,Ethiopia,2001,22.97,988.67,55.41,Potatoes,12852.75
55,Ethiopia,2001,22.97,988.67,55.41,Rice,12896.07
56,Ethiopia,2001,22.97,988.67,55.41,Wheat,14397.33
57,Kenya,2001,25.03,687.12,60.68,Beans,10152.03
58,Kenya,2001,25.03,687.12,60.68,Maize,9682.82
59,Kenya,2001,25.03,687.12,60.68,Potatoes,10263.26
60,Kenya,2001,25.03,687.12,60.68,Rice,9497.33
61,Kenya,2001,25.03,687.12,60.68,Wheat,10488.55
62,Rwanda,2001,18.86,1552.39,73.12,Beans,18472.64
63,Rwanda,2001,18.86,1552.39,73.12,Maize,20616.01
64,Rwanda,2001,18.86,1552.39,73.12,Potatoes,20803.82
65,Rwanda,2001,18.86,1552.39,73.12,Rice,21846.79
66,Rwanda,2001,18.86,1552.39,73.12,Wheat,18822.3
67,Somalia,2001,26.44,254.96,57.18,Beans,7394.32
68,Somalia,2001,26.44,254.96,57.18,Maize,6903.66
69,Somalia,2001,26.44,254.96,57.18,Rice,5994.64
70,Somalia,2001,26.44,254.96,57.18,Wheat,5850.41
71,Tanzania,2001,22.33,978.23,66.82,Beans,14015.62
72,Tanzania,2001,22.33,978.23,66.82,Maize,12940.9
73,Tanzania,2001,22.33,978.23,66.82,Maize,13990.53
74,Tanzania,2001,22.33,978.23,66.82,Potatoes,15635.09
75,Tanzania,2001,22.33,978.23,66.82,Rice,13652.1
76,Tanzania,2001,22.33,978.23,66.82,Wheat,13452.65
77,Uganda,2001,22.57,1586.97,73.15,Beans,20482.58
78,Uganda,2001,22.57,1586.97,73.15,Maize,17855.64
79,Uganda,2001,22.57,1586.97,73.15,Potatoes,18889.59
80,Uganda,2001,22.57,1586.97,73.15,Rice,22126.14
81,Uganda,2001,22.57,1586.97,73.15,Wheat,17416.01
82,Burundi,2002,20.3,1806.01,67.72,Beans,22122.02
83,Burundi,2002,20.3,1806.01,67.72,Maize,23468.45
84,Burundi,2002,20.3,1806.01,67.72,Potatoes,18977.59
85,Burundi,2002,20.3,1806.01,67.72,Rice,23425.38
86,Burundi,2002,20.3,1806.01,67.72,Wheat,24116.79
87,Djibouti,2002,28.51,201.21,54.83,Beans,6201.82
88,Djibouti,2002,28.51,201.21,54.83,Maize,6938.31
89,Eritrea,2002,27.12,303.01,49.49,Beans,6703.52
90,Eritrea,2002,27.12,303.01,49.49,Maize,6386.52
91,Eritrea,2002,27.12,303.01,49.49,Potatoes,8015.07
92,Eritrea,2002,27.12,303.01,49.49,Wheat,7816.48
93,Ethiopia,2002,23.41,915.66,54.69,Beans,12012.39
94,Ethiopia,2002,23.41,915.66,54.69,Maize,12362.61
95,Ethiopia,2002,23.41,915.66,54.69,Potatoes,14837.87
96,Ethiopia,2002,23.41,915.66,54.69,Rice,14844.82
97,Ethiopia,2002,23.41,915.66,54.69,Wheat,12642.51
98,Kenya,2002,25.11,711.26,61.37,Beans,10522.65
99,Kenya,2002,25.11,711.26,61.37,Maize,12311.33
100,Kenya,2002,25.11,711.26,61.37,Potatoes,12191.14
101,Kenya,2002,25.11,711.26,61.37,Rice,12860.66
102,Kenya,2002,25.11,711.26,61.37,Wheat,11384.88
103,Rwanda,2002,19.27,1463.48,69.87,Beans,20645.31
104,Rwanda,2002,19.27,1463.48,69.87,Maize,19470.32
105,Rwanda,2002,19.27,1463.48,69.87,Potatoes,18114.32
106,Rwanda,2002,19.27,1463.48,69.87,Rice,21045.74
107,Rwanda,2002,19.27,1463.48,69.87,Wheat,17824.27
108,Somalia,2002,26.49,326.49,58.77,Beans,7258.28
109,Somalia,2002,26.49,326.49,58.77,Maize,8494.51
110,Somalia,2002,26.49,326.49,58.77,Rice,7942.72
111,Somalia,2002,26.49,326.49,58.77,Wheat,6454.77
112,Tanzania,2002,22.41,1161.93,67.6,Beans,13624.32
113,Tanzania,2002,22.41,1161.93,67.6,Maize,18062.94
114,Tanzania,2002,22.41,1161.93,67.6,Maize,14122.35
115,Tanzania,2002,22.41,1161.93,67.6,Potatoes,14531.74
116,Tanzania,2002,22.41,1161.93,67.6,Rice,17811.06
117,Tanzania,2002,22.41,1161.93,67.6,Wheat,15475.07
118,Uganda,2002,23.11,1427.49,69.61,Beans,18283.08
119,Uganda,2002,23.11,1427.49,69.61,Maize,17541.16
120,Uganda,2002,23.11,1427.49,69.61,Potatoes,16441.38
121,Uganda,2002,23.11,1427.49,69.61,Rice,16600.08
122,Uganda,2002,23.11,1427.49,69.61,Wheat,21240.95
123,Burundi,2003,20.55,1546.69,66.49,Beans,21381.02
124,Burundi,2003,20.55,1546.69,66.49,Maize,21263.93
125,Burundi,2003,20.55,1546.69,66.49,Potatoes,17550.54
126,Burundi,2003,20.55,1546.69,66.49,Rice,19860.91
127,Burundi,2003,20.55,1546.69,66.49,Wheat,21917.67
128,Djibouti,2003,28.32,233.4,55.68,Beans,7514.95
129,Djibouti,2003,28.32,233.4,55.68,Maize,6478.33
130,Eritrea,2003,26.98,374.74,51.45,Beans,8924.92
131,Eritrea,2003,26.98,374.74,51.45,Maize,7725.79
132,Eritrea,2003,26.98,374.74,51.45,Potatoes,7889.54
133,Eritrea,2003,26.98,374.74,51.45,Wheat,8619.4
134,Ethiopia,2003,23.25,935.0,54.9,Beans,11456.48
135,Ethiopia,2003,23.25,935.0,54.9,Maize,12808.67
136,Ethiopia,2003,23.25,935.0,54.9,Potatoes,13613.12
137,Ethiopia,2003,23.25,935.0,54.9,Rice,12678.44
138,Ethiopia,2003,23.25,935.0,54.9,Wheat,13273.44
139,Kenya,2003,25.28,621.08,60.08,Beans,11188.82
140,Kenya,2003,25.28,621.08,60.08,Maize,11668.02
141,Kenya,2003,25.28,621.08,60.08,Potatoes,9659.68
142,Kenya,2003,25.28,621.08,60.08,Rice,9195.88
143,Kenya,2003,25.28,621.08,60.08,Wheat,9709.04
144,Rwanda,2003,19.51,1179.23,68.39,Beans,15598.53
145,Rwanda,2003,19.51,1179.23,68.39,Maize,13299.12
146,Rwanda,2003,19.51,1179.23,68.39,Potatoes,13866.84
147,Rwanda,2003,19.51,1179.23,68.39,Rice,14735.53
148,Rwanda,2003,19.51,1179.23,68.39,Wheat,17515.27
149,Somalia,2003,26.62,277.46,58.16,Beans,6870.62
150,Somalia,2003,26.62,277.46,58.16,Maize,7638.8
151,Somalia,2003,26.62,277.46,58.16,Rice,6479.23
152,Somalia,2003,26.62,277.46,58.16,Wheat,7949.17
153,Tanzania,2003,22.95,766.1,64.01,Beans,11235.63
154,Tanzania,2003,22.95,766.1,64.01,Maize,11717.1
155,Tanzania,2003,22.95,766.1,64.01,Maize,10453.6
156,Tanzania,2003,22.95,766.1,64.01,Potatoes,11305.53
157,Tanzania,2003,22.95,766.1,64.01,Rice,12884.26
158,Tanzania,2003,22.95,766.1,64.01,Wheat,13321.78
159,Uganda,2003,23.16,1417.83,69.91,Beans,18421.42
160,Uganda,2003,23.16,1417.83,69.91,Maize,17204.25
161,Uganda,2003,23.16,1417.83,69.91,Potatoes,15898.98
162,Uganda,2003,23.16,1417.83,69.91,Rice,20946.76
163,Uganda,2003,23.16,1417.83,69.91,Wheat,19519.93
164,Burundi,2004,20.45,1709.62,67.31,Beans,21061.56
165,Burundi,2004,20.45,1709.62,67.31,Maize,20318.91
166,Burundi,2004,20.45,1709.62,67.31,Potatoes,21639.32
167,Burundi,2004,20.45,1709.62,67.31,Rice,18608.52
168,Burundi,2004,20.45,1709.62,67.31,Wheat,22811.18
169,Djibouti,2004,28.6,195.94,53.34,Beans,7132.65
170,Djibouti,2004,28.6,195.94,53.34,Maize,6895.81
171,Eritrea,2004,27.07,307.36,49.44,Beans,7009.14
172,Eritrea,2004,27.07,307.36,49.44,Maize,7519.9
173,Eritrea,2004,27.07,307.36,49.44,Potatoes,8120.33
174,Eritrea,2004,27.07,307.36,49.44,Wheat,8174.26
175,Ethiopia,2004,23.2,960.36,54.7,Beans,14222.77
176,Ethiopia,2004,23.2,960.36,54.7,Maize,15461.54
177,Ethiopia,2004,23.2,960.36,54.7,Potatoes,12618.99
178,Ethiopia,2004,23.2,960.36,54.7,Rice,14878.4
179,Ethiopia,2004,23.2,960.36,54.7,Wheat,15255.03
180,Kenya,2004,25.29,667.56,59.79,Beans,11561.21
181,Kenya,2004,25.29,667.56,59.79,Maize,10745.5
182,Kenya,2004,25.29,667.56,59.79,Potatoes,12059.84
183,Kenya,2004,25.29,667.56,59.79,Rice,11522.76
184,Kenya,2004,25.29,667.56,59.79,Wheat,11424.43
185,Rwanda,2004,19.59,1314.87,68.38,Beans,17072.55
186,Rwanda,2004,19.59,1314.87,68.38,Maize,17025.04
187,Rwanda,2004,19.59,1314.87,68.38,Potatoes,15605.45
188,Rwanda,2004,19.59,1314.87,68.38,Rice,19465.39
189,Rwanda,2004,19.59,1314.87,68.38,Wheat,17434.75
190,Somalia,2004,26.42,344.41,57.97,Beans,8270.94
191,Somalia,2004,26.42,344.41,57.97,Maize,7051.07
192,Somalia,2004,26.42,344.41,57.97,Rice,8568.94
193,Somalia,2004,26.42,344.41,57.97,Wheat,7387.63
194,Tanzania,2004,22.67,1033.49,66.07,Beans,15932.46
195,Tanzania,2004,22.67,1033.49,66.07,Maize,12739.96
196,Tanzania,2004,22.67,1033.49,66.07,Maize,15052.06
197,Tanzania,2004,22.67,1033.49,66.07,Potatoes,14899.98
198,Tanzania,2004,22.67,1033.49,66.07,Rice,12541.69
199,Tanzania,2004,22.67,1033.49,66.07,Wheat,14320.34
200,Uganda,2004,23.22,1458.53,69.16,Beans,16788.83
201,Uganda,2004,23.22,1458.53,69.16,Maize,18515.78
202,Uganda,2004,23.22,1458.53,69.16,Potatoes,21145.36
203,Uganda,2004,23.22,1458.53,69.16,Rice,16721.15
204,Uganda,2004,23.22,1458.53,69.16,Wheat,18007.33
205,Burundi,2005,20.78,1750.35,67.55,Beans,19929.14
206,Burundi,2005,20.78,1750.35,67.55,Maize,22223.75
207,Burundi,2005,20.78,1750.35,67.55,Potatoes,19081.06
208,Burundi,2005,20.78,1750.35,67.55,Rice,22336.05
209,Burundi,2005,20.78,1750.35,67.55,Wheat,22322.62
210,Djibouti,2005,28.5,200.92,54.96,Beans,6402.63
211,Djibouti,2005,28.5,200.92,54.96,Maize,6193.46
212,Eritrea,2005,26.84,343.73,51.27,Beans,8015.95
213,Eritrea,2005,26.84,343.73,51.27,Maize,7558.48
214,Eritrea,2005,26.84,343.73,51.27,Potatoes,7100.61
215,Eritrea,2005,26.84,343.73,51.27,Wheat,8238.21
216,Ethiopia,2005,23.45,1010.81,53.62,Beans,12603.13
217,Ethiopia,2005,23.45,1010.81,53.62,Maize,15117.47
218,Ethiopia,2005,23.45,1010.81,53.62,Potatoes,16084.61
219,Ethiopia,2005,23.45,1010.81,53.62,Rice,12364.27
220,Ethiopia,2005,23.45,1010.81,53.62,Wheat,12975.46
221,Kenya,2005,25.62,532.85,57.18,Beans,9003.23
222,Kenya,2005,25.62,532.85,57.18,Maize,8357.97
223,Kenya,2005,25.62,532.85,57.18,Potatoes,8743.88
224,Kenya,2005,25.62,532.85,57.18,Rice,10248.17
225,Kenya,2005,25.62,532.85,57.18,Wheat,8846.82
226,Rwanda,2005,19.75,1326.0,69.55,Beans,16883.7
227,Rwanda,2005,19.75,1326.0,69.55,Maize,15391.54
228,Rwanda,2005,19.75,1326.0,69.55,Potatoes,19656.22
229,Rwanda,2005,19.75,1326.0,69.55,Rice,17669.97
230,Rwanda,2005,19.75,1326.0,69.55,Wheat,18844.94
231,Somalia,2005,26.5,240.68,57.55,Beans,6453.91
232,Somalia,2005,26.5,240.68,57.55,Maize,5938.7
233,Somalia,2005,26.5,240.68,57.55,Rice,5890.04
234,Somalia,2005,26.5,240.68,57.55,Wheat,7153.06
235,Tanzania,2005,23.21,764.0,63.51,Beans,11734.3
236,Tanzania,2005,23.21,764.0,63.51,Maize,11360.73
237,Tanzania,2005,23.21,764.0,63.51,Maize,13055.52
238,Tanzania,2005,23.21,764.0,63.51,Potatoes,10877.83
239,Tanzania,2005,23.21,764.0,63.51,Rice,13486.06
240,Tanzania,2005,23.21,764.0,63.51,Wheat,12196.26
241,Uganda,2005,23.47,1430.9,68.33,Beans,20260.59
242,Uganda,2005,23.47,1430.9,68.33,Maize,19056.02
243,Uganda,2005,23.47,1430.9,68.33,Potatoes,20839.62
244,Uganda,2005,23.47,1430.9,68.33,Rice,16853.45
245,Uganda,2005,23.47,1430.9,68.33,Wheat,18181.06
246,Burundi,2006,20.35,2044.72,70.04,Beans,28022.62
247,Burundi,2006,20.35,2044.72,70.04,Maize,26511.09
248,Burundi,2006,20.35,2044.72,70.04,Potatoes,24877.73
249,Burundi,2006,20.35,2044.72,70.04,Rice,21784.66
250,Burundi,2006,20.35,2044.72,70.04,Wheat,20785.54
251,Djibouti,2006,28.28,278.72,57.09,Beans,7846.82
252,Djibouti,2006,28.28,278.72,57.09,Maize,7369.96
253,Eritrea,2006,26.78,411.02,52.59,Beans,7775.84
254,Eritrea,2006,26.78,411.02,52.59,Maize,8024.36
255,Eritrea,2006,26.78,411.02,52.59,Potatoes,8291.73
256,Eritrea,2006,26.78,411.02,52.59,Wheat,7904.65
257,Ethiopia,2006,23.4,1120.72,57.12,Beans,13344.64
258,Ethiopia,2006,23.4,1120.72,57.12,Maize,13627.29
259,Ethiopia,2006,23.4,1120.72,57.12,Potatoes,16480.48
260,Ethiopia,2006,23.4,1120.72,57.12,Rice,17149.98
261,Ethiopia,2006,23.4,1120.72,57.12,Wheat,13087.64
262,Kenya,2006,25.38,878.42,61.15,Beans,12545.39
263,Kenya,2006,25.38,878.42,61.15,Maize,13605.91
264,Kenya,2006,25.38,878.42,61.15,Potatoes,14075.5
265,Kenya,2006,25.38,878.42,61.15,Rice,12030.03
266,Kenya,2006,25.38,878.42,61.15,Wheat,13036.13
267,Rwanda,2006,19.4,1679.46,71.54,Beans,19985.0
268,Rwanda,2006,19.4,1679.46,71.54,Maize,19861.36
269,Rwanda,2006,19.4,1679.46,71.54,Potatoes,21277.36
270,Rwanda,2006,19.4,1679.46,71.54,Rice,23161.34
271,Rwanda,2006,19.4,1679.46,71.54,Wheat,21337.54
272,Somalia,2006,26.51,387.94,60.37,Beans,8441.9
273,Somalia,2006,26.51,387.94,60.37,Maize,8276.76
274,Somalia,2006,26.51,387.94,60.37,Rice,9087.54
275,Somalia,2006,26.51,387.94,60.37,Wheat,7404.98
276,Tanzania,2006,22.77,1188.89,66.72,Beans,13933.33
277,Tanzania,2006,22.77,1188.89,66.72,Maize,15053.14
278,Tanzania,2006,22.77,1188.89,66.72,Maize,15830.89
279,Tanzania,2006,22.77,1188.89,66.72,Potatoes,14155.01
280,Tanzania,2006,22.77,1188.89,66.72,Rice,15678.92
281,Tanzania,2006,22.77,1188.89,66.72,Wheat,14080.02
282,Uganda,2006,22.99,1724.92,71.4,Beans,23159.67
283,Uganda,2006,22.99,1724.92,71.4,Maize,18693.57
284,Uganda,2006,22.99,1724.92,71.4,Potatoes,23253.18
285,Uganda,2006,22.99,1724.92,71.4,Rice,19715.46
286,Uganda,2006,22.99,1724.92,71.4,Wheat,23374.74
287,Burundi,2007,20.37,1882.92,69.7,Beans,22574.38
288,Burundi,2007,20.37,1882.92,69.7,Maize,25457.7
289,Burundi,2007,20.37,1882.92,69.7,Potatoes,20350.69
290,Burundi,2007,20.37,1882.92,69.7,Rice,25223.44
291,Burundi,2007,20.37,1882.92,69.7,Wheat,24793.04
292,Djibouti,2007,28.3,172.21,55.22,Beans,5514.15
293,Djibouti,2007,28.3,172.21,55.22,Maize,6856.7
294,Eritrea,2007,26.47,345.41,52.96,Beans,8063.76
295,Eritrea,2007,26.47,345.41,52.96,Maize,7410.53
296,Eritrea,2007,26.47,345.41,52.96,Potatoes,7316.47
297,Eritrea,2007,26.47,345.41,52.96,Wheat,8604.59
298,Ethiopia,2007,23.5,957.03,54.84,Beans,13454.52
299,Ethiopia,2007,23.5,957.03,54.84,Maize,11705.29
300,Ethiopia,2007,23.5,957.03,54.84,Potatoes,14083.56
301,Ethiopia,2007,23.5,957.03,54.84,Rice,11949.85
302,Ethiopia,2007,23.5,957.03,54.84,Wheat,12661.21
303,Kenya,2007,25.38,673.39,60.87,Beans,11097.81
304,Kenya,2007,25.38,673.39,60.87,Maize,9464.65
305,Kenya,2007,25.38,673.39,60.87,Potatoes,11257.06
306,Kenya,2007,25.38,673.39,60.87,Rice,9975.65
307,Kenya,2007,25.38,673.39,60.87,Wheat,9467.1
308,Rwanda,2007,19.23,1382.97,72.52,Beans,17298.47
309,Rwanda,2007,19.23,1382.97,72.52,Maize,16407.61
310,Rwanda,2007,19.23,1382.97,72.52,Potatoes,20276.52
311,Rwanda,2007,19.23,1382.97,72.52,Rice,20226.14
312,Rwanda,2007,19.23,1382.97,72.52,Wheat,15647.03
313,Somalia,2007,26.83,250.6,57.55,Beans,6824.56
314,Somalia,2007,26.83,250.6,57.55,Maize,6578.32
315,Somalia,2007,26.83,250.6,57.55,Rice,7313.89
316,Somalia,2007,26.83,250.6,57.55,Wheat,7483.86
317,Tanzania,2007,22.82,955.71,66.23,Beans,14820.64
318,Tanzania,2007,22.82,955.71,66.23,Maize,12595.34
319,Tanzania,2007,22.82,955.71,66.23,Maize,12342.59
320,Tanzania,2007,22.82,955.71,66.23,Potatoes,14872.09
321,Tanzania,2007,22.82,955.71,66.23,Rice,13593.6
322,Tanzania,2007,22.82,955.71,66.23,Wheat,14444.76
323,Uganda,2007,22.96,1517.22,70.96,Beans,20980.03
324,Uganda,2007,22.96,1517.22,70.96,Maize,21992.83
325,Uganda,2007,22.96,1517.22,70.96,Potatoes,18885.77
326,Uganda,2007,22.96,1517.22,70.96,Rice,16665.42
327,Uganda,2007,22.96,1517.22,70.96,Wheat,17375.3
328,Burundi,2008,20.17,1758.55,68.49,Beans,24240.48
329,Burundi,2008,20.17,1758.55,68.49,Maize,20182.4
330,Burundi,2008,20.17,1758.55,68.49,Potatoes,20470.08
331,Burundi,2008,20.17,1758.55,68.49,Rice,19379.29
332,Burundi,2008,20.17,1758.55,68.49,Wheat,24549.47
333,Djibouti,2008,28.02,109.35,51.27,Beans,5900.39
334,Djibouti,2008,28.02,109.35,51.27,Maize,5467.59
335,Eritrea,2008,26.79,256.71,49.97,Beans,7411.97
336,Eritrea,2008,26.79,256.71,49.97,Maize,6169.03
337,Eritrea,2008,26.79,256.71,49.97,Potatoes,5835.64
338,Eritrea,2008,26.79,256.71,49.97,Wheat,6938.72
339,Ethiopia,2008,23.27,910.62,52.61,Beans,12247.87
340,Ethiopia,2008,23.27,910.62,52.61,Maize,11655.39
341,Ethiopia,2008,23.27,910.62,52.61,Potatoes,11253.74
342,Ethiopia,2008,23.27,910.62,52.61,Rice,14833.06
343,Ethiopia,2008,23.27,910.62,52.61,Wheat,12379.71
344,Kenya,2008,25.33,587.66,58.57,Beans,10653.75
345,Kenya,2008,25.33,587.66,58.57,Maize,9564.28
346,Kenya,2008,25.33,587.66,58.57,Potatoes,9960.86
347,Kenya,2008,25.33,587.66,58.57,Rice,10079.88
348,Kenya,2008,25.33,587.66,58.57,Wheat,10609.79
349,Rwanda,2008,19.11,1289.77,70.66,Beans,17145.41
350,Rwanda,2008,19.11,1289.77,70.66,Maize,15426.01
351,Rwanda,2008,19.11,1289.77,70.66,Potatoes,14440.7
352,Rwanda,2008,19.11,1289.77,70.66,Rice,17309.7
353,Rwanda,2008,19.11,1289.77,70.66,Wheat,18988.23
354,Somalia,2008,26.3,228.24,56.12,Beans,6105.34
355,Somalia,2008,26.3,228.24,56.12,Maize,6069.46
356,Somalia,2008,26.3,228.24,56.12,Rice,7368.5
357,Somalia,2008,26.3,228.24,56.12,Wheat,7101.46
358,Tanzania,2008,22.52,1001.42,66.04,Beans,12166.89
359,Tanzania,2008,22.52,1001.42,66.04,Maize,15747.4
360,Tanzania,2008,22.52,1001.42,66.04,Maize,14112.91
361,Tanzania,2008,22.52,1001.42,66.04,Potatoes,15875.06
362,Tanzania,2008,22.52,1001.42,66.04,Rice,12716.47
363,Tanzania,2008,22.52,1001.42,66.04,Wheat,15009.48
364,Uganda,2008,22.82,1491.73,70.29,Beans,20786.66
365,Uganda,2008,22.82,1491.73,70.29,Maize,17918.07
366,Uganda,2008,22.82,1491.73,70.29,Potatoes,21613.47
367,Uganda,2008,22.82,1491.73,70.29,Rice,20739.18
368,Uganda,2008,22.82,1491.73,70.29,Wheat,16303.31
369,Burundi,2009,20.55,1915.82,68.77,Beans,20965.92
370,Burundi,2009,20.55,1915.82,68.77,Maize,25750.01
371,Burundi,2009,20.55,1915.82,68.77,Potatoes,26217.05
372,Burundi,2009,20.55,1915.82,68.77,Rice,19727.75
373,Burundi,2009,20.55,1915.82,68.77,Wheat,22488.61
374,Djibouti,2009,28.41,111.87,54.53,Beans,5102.54
375,Djibouti,2009,28.41,111.87,54.53,Maize,6136.18
376,Eritrea,2009,27.43,241.57,48.69,Beans,7515.71
377,Eritrea,2009,27.43,241.57,48.69,Maize,5693.3
378,Eritrea,2009,27.43,241.57,48.69,Potatoes,6926.29
379,Eritrea,2009,27.43,241.57,48.69,Wheat,6251.01
380,Ethiopia,2009,23.96,810.37,52.11,Beans,11486.95
381,Ethiopia,2009,23.96,810.37,52.11,Maize,12008.47
382,Ethiopia,2009,23.96,810.37,52.11,Potatoes,13475.97
383,Ethiopia,2009,23.96,810.37,52.11,Rice,12097.81
384,Ethiopia,2009,23.96,810.37,52.11,Wheat,13811.58
385,Kenya,2009,25.76,491.63,57.24,Beans,9394.68
386,Kenya,2009,25.76,491.63,57.24,Maize,8305.15
387,Kenya,2009,25.76,491.63,57.24,Potatoes,10217.72
388,Kenya,2009,25.76,491.63,57.24,Rice,10158.3
389,Kenya,2009,25.76,491.63,57.24,Wheat,8862.15
390,Rwanda,2009,19.51,1484.88,70.59,Beans,20463.58
391,Rwanda,2009,19.51,1484.88,70.59,Maize,21159.38
392,Rwanda,2009,19.51,1484.88,70.59,Potatoes,16297.71
393,Rwanda,2009,19.51,1484.88,70.59,Rice,19712.2
394,Rwanda,2009,19.51,1484.88,70.59,Wheat,19904.21
395,Somalia,2009,26.84,243.38,57.01,Beans,5799.11
396,Somalia,2009,26.84,243.38,57.01,Maize,7538.2
397,Somalia,2009,26.84,243.38,57.01,Rice,6406.19
398,Somalia,2009,26.84,243.38,57.01,Wheat,6788.03
399,Tanzania,2009,23.02,950.62,64.49,Beans,12067.43
400,Tanzania,2009,23.02,950.62,64.49,Maize,15411.97
401,Tanzania,2009,23.02,950.62,64.49,Maize,12424.64
402,Tanzania,2009,23.02,950.62,64.49,Potatoes,12816.46
403,Tanzania,2009,23.02,950.62,64.49,Rice,12719.75
404,Tanzania,2009,23.02,950.62,64.49,Wheat,15336.26
405,Uganda,2009,23.47,1421.07,68.14,Beans,19027.35
406,Uganda,2009,23.47,1421.07,68.14,Maize,19029.67
407,Uganda,2009,23.47,1421.07,68.14,Potatoes,15753.12
408,Uganda,2009,23.47,1421.07,68.14,Rice,17049.52
409,Uganda,2009,23.47,1421.07,68.14,Wheat,17562.12
410,Burundi,2010,20.95,1886.16,67.59,Beans,22569.28
411,Burundi,2010,20.95,1886.16,67.59,Maize,25722.41
412,Burundi,2010,20.95,1886.16,67.59,Potatoes,23184.07
413,Burundi,2010,20.95,1886.16,67.59,Rice,21505.62
414,Burundi,2010,20.95,1886.16,67.59,Wheat,19979.16
415,Djibouti,2010,28.17,253.53,56.35,Beans,7754.56
416,Djibouti,2010,28.17,253.53,56.35,Maize,6149.33
417,Eritrea,2010,27.23,330.2,49.93,Beans,7918.52
418,Eritrea,2010,27.23,330.2,49.93,Maize,7904.82
419,Eritrea,2010,27.23,330.2,49.93,Potatoes,7825.47
420,Eritrea,2010,27.23,330.2,49.93,Wheat,6478.12
421,Ethiopia,2010,23.56,1060.68,55.68,Beans,14843.2
422,Ethiopia,2010,23.56,1060.68,55.68,Maize,15356.59
423,Ethiopia,2010,23.56,1060.68,55.68,Potatoes,16457.25
424,Ethiopia,2010,23.56,1060.68,55.68,Rice,15154.43
425,Ethiopia,2010,23.56,1060.68,55.68,Wheat,15084.87
426,Kenya,2010,25.52,724.51,60.3,Beans,11575.13
427,Kenya,2010,25.52,724.51,60.3,Maize,12531.6
428,Kenya,2010,25.52,724.51,60.3,Potatoes,12746.66
429,Kenya,2010,25.52,724.51,60.3,Rice,11114.49
430,Kenya,2010,25.52,724.51,60.3,Wheat,11459.18
431,Rwanda,2010,19.93,1476.2,69.99,Beans,17627.21
432,Rwanda,2010,19.93,1476.2,69.99,Maize,17989.56
433,Rwanda,2010,19.93,1476.2,69.99,Potatoes,17747.64
434,Rwanda,2010,19.93,1476.2,69.99,Rice,20557.1
435,Rwanda,2010,19.93,1476.2,69.99,Wheat,17402.45
436,Somalia,2010,26.85,232.04,56.48,Beans,6177.74
437,Somalia,2010,26.85,232.04,56.48,Maize,6642.1
438,Somalia,2010,26.85,232.04,56.48,Rice,6655.68
439,Somalia,2010,26.85,232.04,56.48,Wheat,5776.86
440,Tanzania,2010,23.09,968.48,64.69,Beans,12736.05
441,Tanzania,2010,23.09,968.48,64.69,Maize,15001.63
442,Tanzania,2010,23.09,968.48,64.69,Maize,15382.51
443,Tanzania,2010,23.09,968.48,64.69,Potatoes,11863.36
444,Tanzania,2010,23.09,968.48,64.69,Rice,14734.96
445,Tanzania,2010,23.09,968.48,64.69,Wheat,12850.27
446,Uganda,2010,23.14,1702.6,72.49,Beans,23604.75
447,Uganda,2010,23.14,1702.6,72.49,Maize,23319.67
448,Uganda,2010,23.14,1702.6,72.49,Potatoes,23326.47
449,Uganda,2010,23.14,1702.6,72.49,Rice,19358.32
450,Uganda,2010,23.14,1702.6,72.49,Wheat,23045.27
451,Burundi,2011,20.28,2158.76,71.71,Beans,21888.96
452,Burundi,2011,20.28,2158.76,71.71,Maize,22553.84
453,Burundi,2011,20.28,2158.76,71.71,Potatoes,26763.4
454,Burundi,2011,20.28,2158.76,71.71,Rice,27816.62
455,Burundi,2011,20.28,2158.76,71.71,Wheat,24237.94
456,Djibouti,2011,27.97,198.23,54.27,Beans,6858.58
457,Djibouti,2011,27.97,198.23,54.27,Maize,6596.79
458,Eritrea,2011,26.68,272.53,51.06,Beans,7097.17
459,Eritrea,2011,26.68,272.53,51.06,Maize,7714.66
460,Eritrea,2011,26.68,272.53,51.06,Potatoes,7080.25
461,Eritrea,2011,26.68,272.53,51.06,Wheat,7822.27
462,Ethiopia,2011,23.36,942.28,53.58,Beans,13556.97
463,Ethiopia,2011,23.36,942.28,53.58,Maize,15035.54
464,Ethiopia,2011,23.36,942.28,53.58,Potatoes,15132.77
465,Ethiopia,2011,23.36,942.28,53.58,Rice,12529.75
466,Ethiopia,2011,23.36,942.28,53.58,Wheat,13228.29
467,Kenya,2011,25.52,736.83,59.2,Beans,12565.92
468,Kenya,2011,25.52,736.83,59.2,Maize,9881.78
469,Kenya,2011,25.52,736.83,59.2,Potatoes,10658.82
470,Kenya,2011,25.52,736.83,59.2,Rice,12714.95
471,Kenya,2011,25.52,736.83,59.2,Wheat,12237.59
472,Rwanda,2011,19.17,1679.65,74.29,Beans,17761.83
473,Rwanda,2011,19.17,1679.65,74.29,Maize,22619.94
474,Rwanda,2011,19.17,1679.65,74.29,Potatoes,17734.29
475,Rwanda,2011,19.17,1679.65,74.29,Rice,23459.8
476,Rwanda,2011,19.17,1679.65,74.29,Wheat,23679.48
477,Somalia,2011,26.53,304.29,57.13,Beans,7037.44
478,Somalia,2011,26.53,304.29,57.13,Maize,6779.6
479,Somalia,2011,26.53,304.29,57.13,Rice,8394.24
480,Somalia,2011,26.53,304.29,57.13,Wheat,6626.86
481,Tanzania,2011,22.81,1155.68,67.03,Beans,16192.74
482,Tanzania,2011,22.81,1155.68,67.03,Maize,13488.6
483,Tanzania,2011,22.81,1155.68,67.03,Maize,15607.54
484,Tanzania,2011,22.81,1155.68,67.03,Potatoes,14046.6
485,Tanzania,2011,22.81,1155.68,67.03,Rice,17195.22
486,Tanzania,2011,22.81,1155.68,67.03,Wheat,14536.96
487,Uganda,2011,22.93,1707.99,71.59,Beans,20923.0
488,Uganda,2011,22.93,1707.99,71.59,Maize,20856.11
489,Uganda,2011,22.93,1707.99,71.59,Potatoes,20308.29
490,Uganda,2011,22.93,1707.99,71.59,Rice,18885.17
491,Uganda,2011,22.93,1707.99,71.59,Wheat,19785.46
492,Burundi,2012,20.35,2001.64,71.02,Beans,20980.3
493,Burundi,2012,20.35,2001.64,71.02,Maize,24307.91
494,Burundi,2012,20.35,2001.64,71.02,Potatoes,25138.47
495,Burundi,2012,20.35,2001.64,71.02,Rice,21212.76
496,Burundi,2012,20.35,2001.64,71.02,Wheat,22940.48
497,Djibouti,2012,27.99,112.42,54.67,Beans,5211.74
498,Djibouti,2012,27.99,112.42,54.67,Maize,5038.55
499,Eritrea,2012,26.98,263.02,50.58,Beans,7431.17
500,Eritrea,2012,26.98,263.02,50.58,Maize,6328.82
501,Eritrea,2012,26.98,263.02,50.58,Potatoes,7371.13
502,Eritrea,2012,26.98,263.02,50.58,Wheat,6590.83
503,Ethiopia,2012,23.57,940.93,53.04,Beans,11539.71
504,Ethiopia,2012,23.57,940.93,53.04,Maize,12529.59
505,Ethiopia,2012,23.57,940.93,53.04,Potatoes,11598.86
506,Ethiopia,2012,23.57,940.93,53.04,Rice,15125.9
507,Ethiopia,2012,23.57,940.93,53.04,Wheat,13523.63
508,Kenya,2012,25.38,718.12,58.9,Beans,11925.53
509,Kenya,2012,25.38,718.12,58.9,Maize,10697.86
510,Kenya,2012,25.38,718.12,58.9,Potatoes,12648.35
511,Kenya,2012,25.38,718.12,58.9,Rice,12733.47
512,Kenya,2012,25.38,718.12,58.9,Wheat,11878.45
513,Rwanda,2012,19.33,1632.51,72.92,Beans,21526.54
514,Rwanda,2012,19.33,1632.51,72.92,Maize,20989.23
515,Rwanda,2012,19.33,1632.51,72.92,Potatoes,22698.83
516,Rwanda,2012,19.33,1632.51,72.92,Rice,19146.21
517,Rwanda,2012,19.33,1632.51,72.92,Wheat,21483.16
518,Somalia,2012,26.56,278.14,57.4,Beans,7395.31
519,Somalia,2012,26.56,278.14,57.4,Maize,7401.75
520,Somalia,2012,26.56,278.14,57.4,Rice,6635.91
521,Somalia,2012,26.56,278.14,57.4,Wheat,6411.17
522,South Sudan,2012,27.58,1006.03,56.03,Beans,13820.38
523,South Sudan,2012,27.58,1006.03,56.03,Maize,14482.25
524,South Sudan,2012,27.58,1006.03,56.03,Potatoes,15052.55
525,South Sudan,2012,27.58,1006.03,56.03,Rice,15396.3
526,South Sudan,2012,27.58,1006.03,56.03,Wheat,13316.4
527,Tanzania,2012,22.89,1016.96,65.55,Beans,15456.31
528,Tanzania,2012,22.89,1016.96,65.55,Maize,15175.94
529,Tanzania,2012,22.89,1016.96,65.55,Maize,13490.85
530,Tanzania,2012,22.89,1016.96,65.55,Potatoes,15629.97
531,Tanzania,2012,22.89,1016.96,65.55,Rice,13154.79
532,Tanzania,2012,22.89,1016.96,65.55,Wheat,15127.74
533,Uganda,2012,23.03,1651.86,70.33,Beans,19381.37
534,Uganda,2012,23.03,1651.86,70.33,Maize,22360.66
535,Uganda,2012,23.03,1651.86,70.33,Potatoes,20956.22
536,Uganda,2012,23.03,1651.86,70.33,Rice,20299.37
537,Uganda,2012,23.03,1651.86,70.33,Wheat,18382.89
538,Burundi,2013,20.58,1902.92,69.19,Beans,26009.63
539,Burundi,2013,20.58,1902.92,69.19,Maize,23141.88
540,Burundi,2013,20.58,1902.92,69.19,Potatoes,20697.84
541,Burundi,2013,20.58,1902.92,69.19,Rice,20947.84
542,Burundi,2013,20.58,1902.92,69.19,Wheat,22948.45
543,Djibouti,2013,28.13,225.21,56.43,Beans,6663.26
544,Djibouti,2013,28.13,225.21,56.43,Maize,7545.72
545,Eritrea,2013,27.25,307.33,50.64,Beans,8150.85
546,Eritrea,2013,27.25,307.33,50.64,Maize,6265.47
547,Eritrea,2013,27.25,307.33,50.64,Potatoes,6626.26
548,Eritrea,2013,27.25,307.33,50.64,Wheat,8128.2
549,Ethiopia,2013,23.35,1052.67,56.23,Beans,14847.24
550,Ethiopia,2013,23.35,1052.67,56.23,Maize,16377.39
551,Ethiopia,2013,23.35,1052.67,56.23,Potatoes,15317.01
552,Ethiopia,2013,23.35,1052.67,56.23,Rice,16573.28
553,Ethiopia,2013,23.35,1052.67,56.23,Wheat,15046.55
554,Kenya,2013,25.24,791.79,60.82,Beans,12458.1
555,Kenya,2013,25.24,791.79,60.82,Maize,11707.04
556,Kenya,2013,25.24,791.79,60.82,Potatoes,11971.26
557,Kenya,2013,25.24,791.79,60.82,Rice,13000.24
558,Kenya,2013,25.24,791.79,60.82,Wheat,10835.59
559,Rwanda,2013,19.65,1528.94,70.68,Beans,21904.57
560,Rwanda,2013,19.65,1528.94,70.68,Maize,19403.8
561,Rwanda,2013,19.65,1528.94,70.68,Potatoes,16738.91
562,Rwanda,2013,19.65,1528.94,70.68,Rice,21634.78
563,Rwanda,2013,19.65,1528.94,70.68,Wheat,16710.32
564,Somalia,2013,26.42,381.94,59.3,Beans,8195.68
565,Somalia,2013,26.42,381.94,59.3,Maize,8101.91
566,Somalia,2013,26.42,381.94,59.3,Rice,7669.08
567,Somalia,2013,26.42,381.94,59.3,Wheat,7876.16
568,South Sudan,2013,28.01,916.84,55.46,Beans,14697.7
569,South Sudan,2013,28.01,916.84,55.46,Maize,13750.46
570,South Sudan,2013,28.01,916.84,55.46,Potatoes,12389.05
571,South Sudan,2013,28.01,916.84,55.46,Rice,15441.06
572,South Sudan,2013,28.01,916.84,55.46,Wheat,13948.79
573,Tanzania,2013,22.96,1046.19,64.86,Beans,13376.02
574,Tanzania,2013,22.96,1046.19,64.86,Maize,13481.86
575,Tanzania,2013,22.96,1046.19,64.86,Maize,15158.14
576,Tanzania,2013,22.96,1046.19,64.86,Potatoes,15769.15
577,Tanzania,2013,22.96,1046.19,64.86,Rice,14426.26
578,Tanzania,2013,22.96,1046.19,64.86,Wheat,14998.11
579,Uganda,2013,23.0,1546.32,70.98,Beans,19221.08
580,Uganda,2013,23.0,1546.32,70.98,Maize,17479.43
581,Uganda,2013,23.0,1546.32,70.98,Potatoes,17719.33
582,Uganda,2013,23.0,1546.32,70.98,Rice,18918.69
583,Uganda,2013,23.0,1546.32,70.98,Wheat,21052.07
584,Burundi,2014,20.7,1915.35,69.75,Beans,21185.66
585,Burundi,2014,20.7,1915.35,69.75,Maize,22113.08
586,Burundi,2014,20.7,1915.35,69.75,Potatoes,24175.1
587,Burundi,2014,20.7,1915.35,69.75,Rice,23625.23
588,Burundi,2014,20.7,1915.35,69.75,Wheat,25274.96
589,Djibouti,2014,28.02,202.37,57.23,Beans,5790.76
590,Djibouti,2014,28.02,202.37,57.23,Maize,6917.5
591,Eritrea,2014,26.92,340.82,51.88,Beans,7317.03
592,Eritrea,2014,26.92,340.82,51.88,Maize,7145.68
593,Eritrea,2014,26.92,340.82,51.88,Potatoes,6969.14
594,Eritrea,2014,26.92,340.82,51.88,Wheat,7387.02
595,Ethiopia,2014,23.56,1025.64,55.59,Beans,15978.07
596,Ethiopia,2014,23.56,1025.64,55.59,Maize,12219.38
597,Ethiopia,2014,23.56,1025.64,55.59,Potatoes,16056.48
598,Ethiopia,2014,23.56,1025.64,55.59,Rice,16260.19
599,Ethiopia,2014,23.56,1025.64,55.59,Wheat,14290.69
600,Kenya,2014,25.52,649.75,59.81,Beans,11484.12
601,Kenya,2014,25.52,649.75,59.81,Maize,9725.92
602,Kenya,2014,25.52,649.75,59.81,Potatoes,10137.23
603,Kenya,2014,25.52,649.75,59.81,Rice,11540.7
604,Kenya,2014,25.52,649.75,59.81,Wheat,9754.2
605,Rwanda,2014,19.66,1331.65,71.46,Beans,16716.58
606,Rwanda,2014,19.66,1331.65,71.46,Maize,17199.09
607,Rwanda,2014,19.66,1331.65,71.46,Potatoes,15584.63
608,Rwanda,2014,19.66,1331.65,71.46,Rice,14697.02
609,Rwanda,2014,19.66,1331.65,71.46,Wheat,16937.47
610,Somalia,2014,26.72,234.51,57.36,Beans,6970.58
611,Somalia,2014,26.72,234.51,57.36,Maize,7042.18
612,Somalia,2014,26.72,234.51,57.36,Rice,7303.39
613,Somalia,2014,26.72,234.51,57.36,Wheat,6198.71
614,South Sudan,2014,27.86,930.66,55.89,Beans,13755.95
615,South Sudan,2014,27.86,930.66,55.89,Maize,12798.75
616,South Sudan,2014,27.86,930.66,55.89,Potatoes,11845.92
617,South Sudan,2014,27.86,930.66,55.89,Rice,12107.65
618,South Sudan,2014,27.86,930.66,55.89,Wheat,13557.46
619,Tanzania,2014,22.94,1074.59,66.76,Beans,13393.01
620,Tanzania,2014,22.94,1074.59,66.76,Maize,12649.46
621,Tanzania,2014,22.94,1074.59,66.76,Maize,15957.33
622,Tanzania,2014,22.94,1074.59,66.76,Potatoes,16917.71
623,Tanzania,2014,22.94,1074.59,66.76,Rice,15029.25
624,Tanzania,2014,22.94,1074.59,66.76,Wheat,14598.88
625,Uganda,2014,23.35,1470.64,68.72,Beans,20761.04
626,Uganda,2014,23.35,1470.64,68.72,Maize,18225.69
627,Uganda,2014,23.35,1470.64,68.72,Potatoes,20897.04
628,Uganda,2014,23.35,1470.64,68.72,Rice,18986.36
629,Uganda,2014,23.35,1470.64,68.72,Wheat,16137.23
630,Burundi,2015,20.94,1933.8,71.19,Beans,23508.09
631,Burundi,2015,20.94,1933.8,71.19,Maize,23958.38
632,Burundi,2015,20.94,1933.8,71.19,Potatoes,26644.95
633,Burundi,2015,20.94,1933.8,71.19,Rice,26671.4
634,Burundi,2015,20.94,1933.8,71.19,Wheat,21060.3
635,Djibouti,2015,28.8,159.4,53.53,Beans,6654.88
636,Djibouti,2015,28.8,159.4,53.53,Maize,6020.81
637,Eritrea,2015,27.66,237.23,48.6,Beans,6019.91
638,Eritrea,2015,27.66,237.23,48.6,Maize,5923.91
639,Eritrea,2015,27.66,237.23,48.6,Potatoes,7424.64
640,Eritrea,2015,27.66,237.23,48.6,Wheat,5724.64
641,Ethiopia,2015,23.98,931.52,53.87,Beans,14248.17
642,Ethiopia,2015,23.98,931.52,53.87,Maize,14044.52
643,Ethiopia,2015,23.98,931.52,53.87,Potatoes,14334.76
644,Ethiopia,2015,23.98,931.52,53.87,Rice,14711.08
645,Ethiopia,2015,23.98,931.52,53.87,Wheat,13193.81
646,Kenya,2015,25.76,760.74,59.26,Beans,10495.29
647,Kenya,2015,25.76,760.74,59.26,Maize,13241.42
648,Kenya,2015,25.76,760.74,59.26,Potatoes,10687.37
649,Kenya,2015,25.76,760.74,59.26,Rice,12521.92
650,Kenya,2015,25.76,760.74,59.26,Wheat,12492.73
651,Rwanda,2015,19.96,1505.2,72.19,Beans,19213.85
652,Rwanda,2015,19.96,1505.2,72.19,Maize,16733.88
653,Rwanda,2015,19.96,1505.2,72.19,Potatoes,20325.92
654,Rwanda,2015,19.96,1505.2,72.19,Rice,21101.51
655,Rwanda,2015,19.96,1505.2,72.19,Wheat,18200.46
656,Somalia,2015,26.78,364.49,58.82,Beans,6837.02
657,Somalia,2015,26.78,364.49,58.82,Maize,8047.61
658,Somalia,2015,26.78,364.49,58.82,Rice,7988.89
659,Somalia,2015,26.78,364.49,58.82,Wheat,7058.1
660,South Sudan,2015,28.41,809.75,51.83,Beans,14082.09
661,South Sudan,2015,28.41,809.75,51.83,Maize,13517.16
662,South Sudan,2015,28.41,809.75,51.83,Potatoes,13774.21
663,South Sudan,2015,28.41,809.75,51.83,Rice,13717.79
664,South Sudan,2015,28.41,809.75,51.83,Wheat,11750.26
665,Tanzania,2015,23.2,1071.83,66.38,Beans,17025.91
666,Tanzania,2015,23.2,1071.83,66.38,Maize,12637.29
667,Tanzania,2015,23.2,1071.83,66.38,Maize,14109.36
668,Tanzania,2015,23.2,1071.83,66.38,Potatoes,16294.16
669,Tanzania,2015,23.2,1071.83,66.38,Rice,14200.45
670,Tanzania,2015,23.2,1071.83,66.38,Wheat,16224.01
671,Uganda,2015,23.59,1538.39,67.97,Beans,17825.99
672,Uganda,2015,23.59,1538.39,67.97,Maize,20371.45
673,Uganda,2015,23.59,1538.39,67.97,Potatoes,17980.0
674,Uganda,2015,23.59,1538.39,67.97,Rice,20351.22
675,Uganda,2015,23.59,1538.39,67.97,Wheat,17897.14
676,Burundi,2016,21.22,1807.4,69.28,Beans,20448.27
677,Burundi,2016,21.22,1807.4,69.28,Maize,22898.61
678,Burundi,2016,21.22,1807.4,69.28,Potatoes,22010.13
679,Burundi,2016,21.22,1807.4,69.28,Rice,21812.82
680,Burundi,2016,21.22,1807.4,69.28,Wheat,21857.19
681,Djibouti,2016,28.94,241.07,54.41,Beans,6997.43
682,Djibouti,2016,28.94,241.07,54.41,Maize,6211.92
683,Eritrea,2016,27.46,373.85,50.72,Beans,8362.98
684,Eritrea,2016,27.46,373.85,50.72,Maize,7792.52
685,Eritrea,2016,27.46,373.85,50.72,Potatoes,7832.01
686,Eritrea,2016,27.46,373.85,50.72,Wheat,7367.57
687,Ethiopia,2016,24.11,957.99,53.32,Beans,15337.62
688,Ethiopia,2016,24.11,957.99,53.32,Maize,13191.09
689,Ethiopia,2016,24.11,957.99,53.32,Potatoes,14099.15
690,Ethiopia,2016,24.11,957.99,53.32,Rice,12254.65
691,Ethiopia,2016,24.11,957.99,53.32,Wheat,12474.26
692,Kenya,2016,25.75,599.31,58.41,Beans,8785.24
693,Kenya,2016,25.75,599.31,58.41,Maize,8861.0
694,Kenya,2016,25.75,599.31,58.41,Potatoes,9597.44
695,Kenya,2016,25.75,599.31,58.41,Rice,10617.89
696,Kenya,2016,25.75,599.31,58.41,Wheat,11053.0
697,Rwanda,2016,20.4,1254.66,69.78,Beans,18168.6
698,Rwanda,2016,20.4,1254.66,69.78,Maize,18744.11
699,Rwanda,2016,20.4,1254.66,69.78,Potatoes,15529.66
700,Rwanda,2016,20.4,1254.66,69.78,Rice,17884.49
701,Rwanda,2016,20.4,1254.66,69.78,Wheat,16489.3
702,Somalia,2016,26.93,203.43,55.84,Beans,5917.2
703,Somalia,2016,26.93,203.43,55.84,Maize,5836.49
704,Somalia,2016,26.93,203.43,55.84,Rice,6937.93
705,Somalia,2016,26.93,203.43,55.84,Wheat,6229.65
706,South Sudan,2016,28.85,781.58,51.78,Beans,10796.89
707,South Sudan,2016,28.85,781.58,51.78,Maize,12337.46
708,South Sudan,2016,28.85,781.58,51.78,Potatoes,12765.81
709,South Sudan,2016,28.85,781.58,51.78,Rice,10605.86
710,South Sudan,2016,28.85,781.58,51.78,Wheat,13377.68
711,Tanzania,2016,23.2,990.02,65.53,Beans,14895.21
712,Tanzania,2016,23.2,990.02,65.53,Maize,13579.55
713,Tanzania,2016,23.2,990.02,65.53,Maize,12713.51
714,Tanzania,2016,23.2,990.02,65.53,Potatoes,15883.99
715,Tanzania,2016,23.2,990.02,65.53,Rice,14938.12
716,Tanzania,2016,23.2,990.02,65.53,Wheat,11934.31
717,Uganda,2016,24.06,1232.58,66.41,Beans,14293.88
718,Uganda,2016,24.06,1232.58,66.41,Maize,16047.98
719,Uganda,2016,24.06,1232.58,66.41,Potatoes,16139.13
720,Uganda,2016,24.06,1232.58,66.41,Rice,14683.04
721,Uganda,2016,24.06,1232.58,66.41,Wheat,14631.83
722,Burundi,2017,20.96,1924.0,70.05,Beans,20627.18
723,Burundi,2017,20.96,1924.0,70.05,Maize,24495.54
724,Burundi,2017,20.96,1924.0,70.05,Potatoes,24836.83
725,Burundi,2017,20.96,1924.0,70.05,Rice,26655.19
726,Burundi,2017,20.96,1924.0,70.05,Wheat,26001.38
727,Djibouti,2017,29.0,150.51,51.94,Beans,5089.52
728,Djibouti,2017,29.0,150.51,51.94,Maize,5094.79
729,Eritrea,2017,27.62,285.32,48.64,Beans,6139.16
730,Eritrea,2017,27.62,285.32,48.64,Maize,7343.42
731,Eritrea,2017,27.62,285.32,48.64,Potatoes,7196.17
732,Eritrea,2017,27.62,285.32,48.64,Wheat,6312.88
733,Ethiopia,2017,23.91,952.22,52.02,Beans,13915.03
734,Ethiopia,2017,23.91,952.22,52.02,Maize,12158.24
735,Ethiopia,2017,23.91,952.22,52.02,Potatoes,12163.21
736,Ethiopia,2017,23.91,952.22,52.02,Rice,13149.83
737,Ethiopia,2017,23.91,952.22,52.02,Wheat,13613.07
738,Kenya,2017,25.85,597.52,57.04,Beans,10792.39
739,Kenya,2017,25.85,597.52,57.04,Maize,8971.85
740,Kenya,2017,25.85,597.52,57.04,Potatoes,11520.14
741,Kenya,2017,25.85,597.52,57.04,Rice,9278.84
742,Kenya,2017,25.85,597.52,57.04,Wheat,9727.92
743,Rwanda,2017,20.04,1275.71,71.02,Beans,15423.89
744,Rwanda,2017,20.04,1275.71,71.02,Maize,18243.98
745,Rwanda,2017,20.04,1275.71,71.02,Potatoes,17556.03
746,Rwanda,2017,20.04,1275.71,71.02,Rice,15008.35
747,Rwanda,2017,20.04,1275.71,71.02,Wheat,15364.7
748,Somalia,2017,26.88,226.52,55.83,Beans,6815.97
749,Somalia,2017,26.88,226.52,55.83,Maize,7475.67
750,Somalia,2017,26.88,226.52,55.83,Rice,7166.97
751,Somalia,2017,26.88,226.52,55.83,Wheat,6610.95
752,South Sudan,2017,28.72,838.25,51.72,Beans,12955.73
753,South Sudan,2017,28.72,838.25,51.72,Maize,14519.91
754,South Sudan,2017,28.72,838.25,51.72,Potatoes,14062.92
755,South Sudan,2017,28.72,838.25,51.72,Rice,14240.52
756,South Sudan,2017,28.72,838.25,51.72,Wheat,12247.62
757,Tanzania,2017,23.33,1050.88,65.84,Beans,16830.84
758,Tanzania,2017,23.33,1050.88,65.84,Maize,15889.04
759,Tanzania,2017,23.33,1050.88,65.84,Maize,12682.36
760,Tanzania,2017,23.33,1050.88,65.84,Potatoes,15335.03
761,Tanzania,2017,23.33,1050.88,65.84,Rice,14299.17
762,Tanzania,2017,23.33,1050.88,65.84,Wheat,12766.75
763,Uganda,2017,23.72,1430.11,67.01,Beans,17950.27
764,Uganda,2017,23.72,1430.11,67.01,Maize,17535.89
765,Uganda,2017,23.72,1430.11,67.01,Potatoes,15785.31
766,Uganda,2017,23.72,1430.11,67.01,Rice,16930.43
767,Uganda,2017,23.72,1430.11,67.01,Wheat,20332.0
768,Burundi,2018,20.6,2113.83,71.92,Beans,24082.39
769,Burundi,2018,20.6,2113.83,71.92,Maize,27787.44
770,Burundi,2018,20.6,2113.83,71.92,Potatoes,25379.7
771,Burundi,2018,20.6,2113.83,71.92,Rice,27496.06
772,Burundi,2018,20.6,2113.83,71.92,Wheat,26915.44
773,Djibouti,2018,28.5,182.05,53.68,Beans,6840.97
774,Djibouti,2018,28.5,182.05,53.68,Maize,5389.44
775,Eritrea,2018,27.25,364.76,50.26,Beans,8533.5
776,Eritrea,2018,27.25,364.76,50.26,Maize,8985.04
777,Eritrea,2018,27.25,364.76,50.26,Potatoes,6762.13
778,Eritrea,2018,27.25,364.76,50.26,Wheat,7155.72
779,Ethiopia,2018,23.44,1048.85,55.66,Beans,12783.77
780,Ethiopia,2018,23.44,1048.85,55.66,Maize,14993.1
781,Ethiopia,2018,23.44,1048.85,55.66,Potatoes,15789.05
782,Ethiopia,2018,23.44,1048.85,55.66,Rice,15682.87
783,Ethiopia,2018,23.44,1048.85,55.66,Wheat,12565.08
784,Kenya,2018,25.13,879.6,61.95,Beans,11270.39
785,Kenya,2018,25.13,879.6,61.95,Maize,12968.54
786,Kenya,2018,25.13,879.6,61.95,Potatoes,14046.05
787,Kenya,2018,25.13,879.6,61.95,Rice,14817.91
788,Kenya,2018,25.13,879.6,61.95,Wheat,12744.75
789,Rwanda,2018,19.68,1721.71,73.35,Beans,23791.18
790,Rwanda,2018,19.68,1721.71,73.35,Maize,23284.68
791,Rwanda,2018,19.68,1721.71,73.35,Potatoes,21418.26
792,Rwanda,2018,19.68,1721.71,73.35,Rice,18470.3
793,Rwanda,2018,19.68,1721.71,73.35,Wheat,20520.08
794,Somalia,2018,26.42,337.06,59.08,Beans,7614.56
795,Somalia,2018,26.42,337.06,59.08,Maize,8567.72
796,Somalia,2018,26.42,337.06,59.08,Rice,6898.91
797,Somalia,2018,26.42,337.06,59.08,Wheat,7800.82
798,South Sudan,2018,28.41,780.2,52.29,Beans,12073.68
799,South Sudan,2018,28.41,780.2,52.29,Maize,11451.55
800,South Sudan,2018,28.41,780.2,52.29,Potatoes,11294.45
801,South Sudan,2018,28.41,780.2,52.29,Rice,10555.11
802,South Sudan,2018,28.41,780.2,52.29,Wheat,11529.84
803,Tanzania,2018,22.8,1171.65,67.76,Beans,15462.81
804,Tanzania,2018,22.8,1171.65,67.76,Maize,17422.41
805,Tanzania,2018,22.8,1171.65,67.76,Maize,13557.4
806,Tanzania,2018,22.8,1171.65,67.76,Potatoes,13827.81
807,Tanzania,2018,22.8,1171.65,67.76,Rice,15523.75
808,Tanzania,2018,22.8,1171.65,67.76,Wheat,17019.89
809,Uganda,2018,23.24,1569.99,69.11,Beans,20866.75
810,Uganda,2018,23.24,1569.99,69.11,Maize,22108.98
811,Uganda,2018,23.24,1569.99,69.11,Potatoes,19435.67
812,Uganda,2018,23.24,1569.99,69.11,Rice,18612.15
813,Uganda,2018,23.24,1569.99,69.11,Wheat,22722.34
814,Burundi,2019,20.98,2106.13,72.22,Beans,22732.07
815,Burundi,2019,20.98,2106.13,72.22,Maize,23851.22
816,Burundi,2019,20.98,2106.13,72.22,Potatoes,26043.62
817,Burundi,2019,20.98,2106.13,72.22,Rice,24203.35
818,Burundi,2019,20.98,2106.13,72.22,Wheat,23453.34
819,Djibouti,2019,28.68,229.88,56.21,Beans,6011.07
820,Djibouti,2019,28.68,229.88,56.21,Maize,7272.44
821,Eritrea,2019,27.23,404.56,53.0,Beans,8471.4
822,Eritrea,2019,27.23,404.56,53.0,Maize,7714.18
823,Eritrea,2019,27.23,404.56,53.0,Potatoes,7713.19
824,Eritrea,2019,27.23,404.56,53.0,Wheat,7085.49
825,Ethiopia,2019,23.86,1137.43,56.85,Beans,13972.88
826,Ethiopia,2019,23.86,1137.43,56.85,Maize,14770.53
827,Ethiopia,2019,23.86,1137.43,56.85,Potatoes,13801.11
828,Ethiopia,2019,23.86,1137.43,56.85,Rice,13863.61
829,Ethiopia,2019,23.86,1137.43,56.85,Wheat,16552.68
830,Kenya,2019,25.92,865.4,60.34,Beans,11140.78
831,Kenya,2019,25.92,865.4,60.34,Maize,11155.13
832,Kenya,2019,25.92,865.4,60.34,Potatoes,11248.44
833,Kenya,2019,25.92,865.4,60.34,Rice,13390.9
834,Kenya,2019,25.92,865.4,60.34,Wheat,12163.52
835,Rwanda,2019,20.06,1553.88,73.42,Beans,18668.69
836,Rwanda,2019,20.06,1553.88,73.42,Maize,20330.96
837,Rwanda,2019,20.06,1553.88,73.42,Potatoes,20877.04
838,Rwanda,2019,20.06,1553.88,73.42,Rice,17769.85
839,Rwanda,2019,20.06,1553.88,73.42,Wheat,20374.93
840,Somalia,2019,26.94,393.76,59.65,Beans,9399.78
841,Somalia,2019,26.94,393.76,59.65,Maize,7361.86
842,Somalia,2019,26.94,393.76,59.65,Rice,7132.43
843,Somalia,2019,26.94,393.76,59.65,Wheat,8170.43
844,South Sudan,2019,28.26,1008.4,55.98,Beans,14823.43
845,South Sudan,2019,28.26,1008.4,55.98,Maize,14118.64
846,South Sudan,2019,28.26,1008.4,55.98,Potatoes,15830.54
847,South Sudan,2019,28.26,1008.4,55.98,Rice,14561.18
848,South Sudan,2019,28.26,1008.4,55.98,Wheat,15469.04
849,Tanzania,2019,23.28,1231.8,67.95,Beans,14595.37
850,Tanzania,2019,23.28,1231.8,67.95,Maize,15150.98
851,Tanzania,2019,23.28,1231.8,67.95,Maize,15284.51
852,Tanzania,2019,23.28,1231.8,67.95,Potatoes,14644.56
853,Tanzania,2019,23.28,1231.8,67.95,Rice,15500.86
854,Tanzania,2019,23.28,1231.8,67.95,Wheat,17674.52
855,Uganda,2019,23.48,1761.51,70.59,Beans,20594.87
856,Uganda,2019,23.48,1761.51,70.59,Maize,21215.09
857,Uganda,2019,23.48,1761.51,70.59,Potatoes,20984.74
858,Uganda,2019,23.48,1761.51,70.59,Rice,20525.71
859,Uganda,2019,23.48,1761.51,70.59,Wheat,18618.44
860,Burundi,2020,21.24,2078.74,70.56,Beans,23424.05
861,Burundi,2020,21.24,2078.74,70.56,Maize,27006.94
862,Burundi,2020,21.24,2078.74,70.56,Potatoes,26557.82
863,Burundi,2020,21.24,2078.74,70.56,Rice,24378.16
864,Burundi,2020,21.24,2078.74,70.56,Wheat,21960.24
865,Djibouti,2020,28.61,253.41,55.43,Beans,7555.57
866,Djibouti,2020,28.61,253.41,55.43,Maize,6043.23
867,Eritrea,2020,27.01,289.12,49.45,Beans,6870.61
868,Eritrea,2020,27.01,289.12,49.45,Maize,6065.14
869,Eritrea,2020,27.01,289.12,49.45,Potatoes,6255.75
870,Eritrea,2020,27.01,289.12,49.45,Wheat,6509.94
871,Ethiopia,2020,23.79,1027.44,56.58,Beans,14713.9
872,Ethiopia,2020,23.79,1027.44,56.58,Maize,14788.66
873,Ethiopia,2020,23.79,1027.44,56.58,Potatoes,14544.5
874,Ethiopia,2020,23.79,1027.44,56.58,Rice,13475.17
875,Ethiopia,2020,23.79,1027.44,56.58,Wheat,12498.14
876,Kenya,2020,25.52,947.91,63.54,Beans,15547.09
877,Kenya,2020,25.52,947.91,63.54,Maize,12009.73
878,Kenya,2020,25.52,947.91,63.54,Potatoes,15405.99
879,Kenya,2020,25.52,947.91,63.54,Rice,14037.42
880,Kenya,2020,25.52,947.91,63.54,Wheat,15545.4
881,Rwanda,2020,20.29,1758.21,72.16,Beans,18570.05
882,Rwanda,2020,20.29,1758.21,72.16,Maize,24171.26
883,Rwanda,2020,20.29,1758.21,72.16,Potatoes,21226.09
884,Rwanda,2020,20.29,1758.21,72.16,Rice,21866.45
885,Rwanda,2020,20.29,1758.21,72.16,Wheat,20576.18
886,Somalia,2020,27.09,309.73,57.98,Beans,6950.04
887,Somalia,2020,27.09,309.73,57.98,Maize,7467.92
888,Somalia,2020,27.09,309.73,57.98,Rice,8300.12
889,Somalia,2020,27.09,309.73,57.98,Wheat,6444.98
890,South Sudan,2020,28.02,906.4,53.82,Beans,14039.08
891,South Sudan,2020,28.02,906.4,53.82,Maize,12453.29
892,South Sudan,2020,28.02,906.4,53.82,Potatoes,13604.26
893,South Sudan,2020,28.02,906.4,53.82,Rice,11531.19
894,South Sudan,2020,28.02,906.4,53.82,Wheat,14146.79
895,Tanzania,2020,22.92,1327.04,69.37,Beans,18694.93
896,Tanzania,2020,22.92,1327.04,69.37,Maize,18120.94
897,Tanzania,2020,22.92,1327.04,69.37,Maize,17891.61
898,Tanzania,2020,22.92,1327.04,69.37,Potatoes,14898.0
899,Tanzania,2020,22.92,1327.04,69.37,Rice,17966.04
900,Tanzania,2020,22.92,1327.04,69.37,Wheat,15498.07
901,Uganda,2020,23.14,1832.4,72.7,Beans,22261.14
902,Uganda,2020,23.14,1832.4,72.7,Maize,23608.76
903,Uganda,2020,23.14,1832.4,72.7,Potatoes,19591.13
904,Uganda,2020,23.14,1832.4,72.7,Rice,21126.17
905,Uganda,2020,23.14,1832.4,72.7,Wheat,24763.94
906,Burundi,2021,20.94,1943.46,70.79,Beans,23020.63
907,Burundi,2021,20.94,1943.46,70.79,Maize,21166.52
908,Burundi,2021,20.94,1943.46,70.79,Potatoes,22308.78
909,Burundi,2021,20.94,1943.46,70.79,Rice,21822.51
910,Burundi,2021,20.94,1943.46,70.79,Wheat,22750.21
911,Djibouti,2021,28.55,189.49,50.95,Beans,7012.94
912,Djibouti,2021,28.55,189.49,50.95,Maize,6908.64
913,Eritrea,2021,27.45,220.13,47.2,Beans,5770.84
914,Eritrea,2021,27.45,220.13,47.2,Maize,7077.95
915,Eritrea,2021,27.45,220.13,47.2,Potatoes,6291.39
916,Eritrea,2021,27.45,220.13,47.2,Wheat,7086.69
917,Ethiopia,2021,23.77,815.75,50.74,Beans,12450.84
918,Ethiopia,2021,23.77,815.75,50.74,Maize,12968.74
919,Ethiopia,2021,23.77,815.75,50.74,Potatoes,13546.49
920,Ethiopia,2021,23.77,815.75,50.74,Rice,13302.96
921,Ethiopia,2021,23.77,815.75,50.74,Wheat,12611.37
922,Kenya,2021,25.84,482.75,57.48,Beans,7976.39
923,Kenya,2021,25.84,482.75,57.48,Maize,9997.03
924,Kenya,2021,25.84,482.75,57.48,Potatoes,8395.13
925,Kenya,2021,25.84,482.75,57.48,Rice,10143.27
926,Kenya,2021,25.84,482.75,57.48,Wheat,8269.76
927,Rwanda,2021,20.09,1397.65,71.31,Beans,20140.28
928,Rwanda,2021,20.09,1397.65,71.31,Maize,18162.75
929,Rwanda,2021,20.09,1397.65,71.31,Potatoes,16551.27
930,Rwanda,2021,20.09,1397.65,71.31,Rice,17748.96
931,Rwanda,2021,20.09,1397.65,71.31,Wheat,16634.59
932,Somalia,2021,26.78,162.72,54.57,Beans,5689.13
933,Somalia,2021,26.78,162.72,54.57,Maize,5931.67
934,Somalia,2021,26.78,162.72,54.57,Rice,6134.44
935,Somalia,2021,26.78,162.72,54.57,Wheat,5965.13
936,South Sudan,2021,28.59,733.44,49.92,Beans,11063.08
937,South Sudan,2021,28.59,733.44,49.92,Maize,12874.45
938,South Sudan,2021,28.59,733.44,49.92,Potatoes,11363.94
939,South Sudan,2021,28.59,733.44,49.92,Rice,10555.78
940,South Sudan,2021,28.59,733.44,49.92,Wheat,13311.85
941,Tanzania,2021,22.97,903.38,66.08,Beans,12545.04
942,Tanzania,2021,22.97,903.38,66.08,Maize,12003.12
943,Tanzania,2021,22.97,903.38,66.08,Maize,14550.78
944,Tanzania,2021,22.97,903.38,66.08,Potatoes,14165.62
945,Tanzania,2021,22.97,903.38,66.08,Rice,14079.37
946,Tanzania,2021,22.97,903.38,66.08,Wheat,14760.56
947,Uganda,2021,23.58,1247.36,67.55,Beans,14952.07
948,Uganda,2021,23.58,1247.36,67.55,Maize,17578.26
949,Uganda,2021,23.58,1247.36,67.55,Potatoes,15505.95
950,Uganda,2021,23.58,1247.36,67.55,Rice,18913.67
951,Uganda,2021,23.58,1247.36,67.55,Wheat,15914.43
952,Burundi,2022,20.92,1921.68,69.75,Beans,25072.61
953,Burundi,2022,20.92,1921.68,69.75,Maize,23107.35
954,Burundi,2022,20.92,1921.68,69.75,Potatoes,20402.49
955,Burundi,2022,20.92,1921.68,69.75,Rice,24943.87
956,Burundi,2022,20.92,1921.68,69.75,Wheat,24282.25
957,Djibouti,2022,28.61,173.04,52.74,Beans,6800.35
958,Djibouti,2022,28.61,173.04,52.74,Maize,5271.11
959,Eritrea,2022,27.23,250.36,48.17,Beans,7622.11
960,Eritrea,2022,27.23,250.36,48.17,Maize,5913.89
961,Eritrea,2022,27.23,250.36,48.17,Potatoes,6556.18
962,Eritrea,2022,27.23,250.36,48.17,Wheat,6809.89
963,Ethiopia,2022,23.98,783.28,51.29,Beans,13493.47
964,Ethiopia,2022,23.98,783.28,51.29,Maize,12567.07
965,Ethiopia,2022,23.98,783.28,51.29,Potatoes,12613.63
966,Ethiopia,2022,23.98,783.28,51.29,Rice,10478.47
967,Ethiopia,2022,23.98,783.28,51.29,Wheat,11100.01
968,Kenya,2022,25.71,423.31,57.01,Beans,9582.58
969,Kenya,2022,25.71,423.31,57.01,Maize,9681.73
970,Kenya,2022,25.71,423.31,57.01,Potatoes,9189.26
971,Kenya,2022,25.71,423.31,57.01,Rice,9590.07
972,Kenya,2022,25.71,423.31,57.01,Wheat,8458.85
973,Rwanda,2022,19.93,1597.44,71.57,Beans,22299.34
974,Rwanda,2022,19.93,1597.44,71.57,Maize,21674.07
975,Rwanda,2022,19.93,1597.44,71.57,Potatoes,19812.95
976,Rwanda,2022,19.93,1597.44,71.57,Rice,18475.84
977,Rwanda,2022,19.93,1597.44,71.57,Wheat,17433.24
978,Somalia,2022,26.89,143.66,55.1,Beans,5427.23
979,Somalia,2022,26.89,143.66,55.1,Maize,5219.11
980,Somalia,2022,26.89,143.66,55.1,Rice,6006.66
981,Somalia,2022,26.89,143.66,55.1,Wheat,5865.33
982,South Sudan,2022,28.31,754.39,49.96,Beans,12969.06
983,South Sudan,2022,28.31,754.39,49.96,Maize,11177.96
984,South Sudan,2022,28.31,754.39,49.96,Potatoes,11515.82
985,South Sudan,2022,28.31,754.39,49.96,Rice,10160.41
986,South Sudan,2022,28.31,754.39,49.96,Wheat,10743.15
987,Tanzania,2022,22.91,999.87,64.95,Beans,12770.73
988,Tanzania,2022,22.91,999.87,64.95,Maize,13366.16
989,Tanzania,2022,22.91,999.87,64.95,Maize,12650.34
990,Tanzania,2022,22.91,999.87,64.95,Potatoes,15956.52
991,Tanzania,2022,22.91,999.87,64.95,Rice,15994.32
992,Tanzania,2022,22.91,999.87,64.95,Wheat,15210.17
993,Uganda,2022,23.53,1341.14,67.92,Beans,15718.4
994,Uganda,2022,23.53,1341.14,67.92,Maize,15865.06
995,Uganda,2022,23.53,1341.14,67.92,Potatoes,15895.28
996,Uganda,2022,23.53,1341.14,67.92,Rice,19175.11
997,Uganda,2022,23.53,1341.14,67.92,Wheat,18055.91
998,Burundi,2023,21.21,2190.6,70.54,Beans,22986.79
999,Burundi,2023,21.21,2190.6,70.54,Maize,26235.05
1000,Burundi,2023,21.21,2190.6,70.54,Potatoes,24882.71
1001,Burundi,2023,21.21,2190.6,70.54,Rice,29393.2
1002,Burundi,2023,21.21,2190.6,70.54,Wheat,28030.18
1003,Djibouti,2023,29.35,196.71,54.76,Beans,6269.72
1004,Djibouti,2023,29.35,196.71,54.76,Maize,6843.85
1005,Eritrea,2023,28.01,209.57,46.82,Beans,6320.58
1006,Eritrea,2023,28.01,209.57,46.82,Maize,5861.17
1007,Eritrea,2023,28.01,209.57,46.82,Potatoes,6822.66
1008,Eritrea,2023,28.01,209.57,46.82,Wheat,7176.08
1009,Ethiopia,2023,24.05,1037.62,54.8,Beans,12797.58
1010,Ethiopia,2023,24.05,1037.62,54.8,Maize,14762.2
1011,Ethiopia,2023,24.05,1037.62,54.8,Potatoes,13702.54
1012,Ethiopia,2023,24.05,1037.62,54.8,Rice,14742.3
1013,Ethiopia,2023,24.05,1037.62,54.8,Wheat,12227.38
1014,Kenya,2023,25.66,707.85,59.82,Beans,11386.18
1015,Kenya,2023,25.66,707.85,59.82,Maize,11594.03
1016,Kenya,2023,25.66,707.85,59.82,Potatoes,12795.78
1017,Kenya,2023,25.66,707.85,59.82,Rice,10454.27
1018,Kenya,2023,25.66,707.85,59.82,Wheat,11850.21
1019,Rwanda,2023,20.39,1691.97,70.91,Beans,19235.27
1020,Rwanda,2023,20.39,1691.97,70.91,Maize,20421.73
1021,Rwanda,2023,20.39,1691.97,70.91,Potatoes,20498.73
1022,Rwanda,2023,20.39,1691.97,70.91,Rice,23806.93
1023,Rwanda,2023,20.39,1691.97,70.91,Wheat,18366.68
1024,Somalia,2023,27.02,430.58,59.86,Beans,9788.94
1025,Somalia,2023,27.02,430.58,59.86,Maize,8502.9
1026,Somalia,2023,27.02,430.58,59.86,Rice,7705.59
1027,Somalia,2023,27.02,430.58,59.86,Wheat,8109.81
1028,South Sudan,2023,29.21,639.82,48.59,Beans,10025.51
1029,South Sudan,2023,29.21,639.82,48.59,Maize,9806.86
1030,South Sudan,2023,29.21,639.82,48.59,Potatoes,11081.87
1031,South Sudan,2023,29.21,639.82,48.59,Rice,10185.49
1032,South Sudan,2023,29.21,639.82,48.59,Wheat,12014.14
1033,Tanzania,2023,23.32,1129.2,66.38,Beans,13297.41
1034,Tanzania,2023,23.32,1129.2,66.38,Maize,14169.04
1035,Tanzania,2023,23.32,1129.2,66.38,Maize,17393.55
1036,Tanzania,2023,23.32,1129.2,66.38,Potatoes,13931.9
1037,Tanzania,2023,23.32,1129.2,66.38,Rice,17491.03
1038,Tanzania,2023,23.32,1129.2,66.38,Wheat,17202.36
1039,Uganda,2023,23.95,1545.62,67.77,Beans,21590.51
1040,Uganda,2023,23.95,1545.62,67.77,Maize,18233.52
1041,Uganda,2023,23.95,1545.62,67.77,Potatoes,18532.36
1042,Uganda,2023,23.95,1545.62,67.77,Rice,20112.61
1043,Uganda,2023,23.95,1545.62,67.77,Wheat,21405.56
